{
  "tstart": 481,
  "tstop": 544,
  "fstart": 61,
  "fstop": 2048,
  "width_ms": 20.301806990850345,
  "bw_mhz": 193.97691587885026
}