{
  "tstart": 498,
  "tstop": 523,
  "fstart": 192,
  "fstop": 2048,
  "width_ms": 7.997409711577744,
  "bw_mhz": 181.19538811618844
}