{
  "tstart": 489,
  "tstop": 526,
  "fstart": 92,
  "fstop": 2048,
  "width_ms": 11.491081104312167,
  "bw_mhz": 190.96014822593926
}