{
  "tstart": 245,
  "tstop": 267,
  "fstart": 118,
  "fstop": 2042,
  "width_ms": 6.984523900663984,
  "bw_mhz": 187.7639127633615
}