{
  "tstart": 246,
  "tstop": 266,
  "fstart": 48,
  "fstop": 2048,
  "width_ms": 6.272255968816038,
  "bw_mhz": 195.23215846696846
}